<db>
	<mapserver>
		<ms key="lip6-KEY-HERE">193.162.145.50</ms>
		<ms key="lip6-KEY-HERE">195.50.116.18</ms>
		<ms family="IPv6" key="lip6-KEY-HERE">2001:67c:21b4:109::b</ms>
	</mapserver>
	
	<mapresolver>
		<mr>193.162.145.50</mr>
		<mr family="IPv6">2001:67c:21b4:109::b</mr>
	</mapresolver>
	
	<proxy_etr>
		<petr>193.162.145.50</petr>
		<petr family="IPv6">2001:67c:21b4:109::b</petr>
	</proxy_etr>

	<eid_prefix prefix="153.16.38.0/24" ttl="60">
		<rloc>
			<address family="IPv4">132.227.62.243</address>
			<priority>1</priority>
			<m_priority>0</m_priority>
			<weight>100</weight>
			<m_weight>0</m_weight>
			<local>false</local>
			<reachable>true</reachable>
			<elp priority="1" weight="50">
				<hop family="IPv4">112.137.129.40</hop> 
				<hop family="IPv4">203.113.130.215</hop> 
			</elp>
			<elp priority="1" weight="50">
				<hop family="IPv4">112.137.129.41</hop> 
				<hop family="IPv4">112.137.131.40</hop>
			</elp>
		</rloc>
		<rloc>
			<address>132.227.62.242</address>
			<priority>2</priority>
			<m_priority>0</m_priority>
			<weight>100</weight>
			<m_weight>0</m_weight>
			<local>false</local>
			<reachable>true</reachable>
		</rloc>
	</eid_prefix>	
</db>
