<db>
	<mapserver>
		<ms id="1" key="LIP6-LISP-LAB-KEY" proxy="no">132.227.62.246</ms>
		<ms id="2" key="lip6-KEY-HERE" proxy="no">193.162.145.50</ms>
        <ms id="3" key="lip6-KEY-HERE" proxy="no">195.50.116.18</ms>
	</mapserver>
	
	<mapresolver>
		<mr>193.162.145.50</mr>
		<mr family="IPv6">2001:67c:21b4:109::b</mr>
	</mapresolver>
	
	<proxy_etr>
		<petr>193.162.145.50</petr>
		<petr family="IPv6">2001:67c:21b4:109::b</petr>
	</proxy_etr>

	<eid_prefix  ms_ids="1" prefix="132.227.120.176/28" ttl="60" version="0">
		<rloc>
			<address>132.227.62.242</address>			
			<priority>1</priority>
			<m_priority>0</m_priority>
			<weight>100</weight>
			<m_weight>0</m_weight>
			<local>true</local>
			<reachable>true</reachable>
		</rloc>	
		<rloc>
			<address family="IPv6">2001:660:3302:282C:240::242</address>
			<priority>2</priority>
			<m_priority>0</m_priority>
			<weight>100</weight>
			<m_weight>0</m_weight>
			<local>true</local>
			<reachable>true</reachable>
		</rloc>
	</eid_prefix>

	<eid_prefix  ms_ids="1" family="IPv6" prefix="2a03:9180:2:176::/64" ttl="60" version="0">
			<rloc>
					<address>132.227.62.242</address>
					<priority>1</priority>
					<m_priority>0</m_priority>
					<weight>100</weight>
					<m_weight>0</m_weight>
					<local>true</local>
					<reachable>true</reachable>
			</rloc>
			<rloc>
					<address family="IPv6">2001:660:3302:282C:240::242</address>
					<priority>2</priority>
					<m_priority>0</m_priority>
					<weight>100</weight>
					<m_weight>0</m_weight>
					<local>true</local>
					<reachable>true</reachable>
			</rloc>
	</eid_prefix>

	<eid_prefix  ms_ids="2;3" prefix="153.16.38.0/24" ttl="60" version="0">
		<rloc>
			<address>132.227.62.242</address>
			<priority>3</priority>
			<m_priority>0</m_priority>
			<weight>100</weight>
			<m_weight>0</m_weight>
			<local>true</local>
			<reachable>true</reachable>
		</rloc>	
		<rloc>
			<address>132.227.62.243</address>
			<priority>1</priority>
			<m_priority>0</m_priority>
			<weight>100</weight>
			<m_weight>0</m_weight>
			<local>false</local>
			<reachable>true</reachable>
		</rloc>	
		<rloc>
			<address family="IPv6">2001:660:3302:282C:240::242</address>
			<priority>4</priority>
			<m_priority>0</m_priority>
			<weight>100</weight>
			<m_weight>0</m_weight>
			<local>true</local>
			<reachable>true</reachable>
		</rloc>
		<rloc>
			<address family="IPv6">2001:660:3302:282C:240::243</address>
			<priority>2</priority>
			<m_priority>0</m_priority>
			<weight>100</weight>
			<m_weight>0</m_weight>
			<local>false</local>
			<reachable>true</reachable>
		</rloc>
	</eid_prefix>
	<eid_prefix ms_ids="2;3" prefix="153.16.38.0/25" ttl="60" version="0" >
		<rloc>
			<address>132.227.62.242</address>
			<priority>3</priority>
			<m_priority>0</m_priority>
			<weight>100</weight>
			<m_weight>0</m_weight>
			<local>true</local>
			<reachable>true</reachable>
		</rloc>	
		<rloc>
			<address>132.227.62.243</address>
			<priority>1</priority>
			<m_priority>0</m_priority>
			<weight>100</weight>
			<m_weight>0</m_weight>
			<local>false</local>
			<reachable>true</reachable>
		</rloc>	
		<rloc>
			<address family="IPv6">2001:660:3302:282C:240::242</address>
			<priority>4</priority>
			<m_priority>0</m_priority>
			<weight>100</weight>
			<m_weight>0</m_weight>
			<local>true</local>
			<reachable>true</reachable>
		</rloc>
		<rloc>
			<address family="IPv6">2001:660:3302:282C:240::243</address>
			<priority>2</priority>
			<m_priority>0</m_priority>
			<weight>100</weight>
			<m_weight>0</m_weight>
			<local>false</local>
			<reachable>true</reachable>
		</rloc>
	</eid_prefix>

	<eid_prefix ms_ids="2;3" prefix="153.16.38.128/25" ttl="60" version="0">
		<rloc>
			<address>132.227.62.242</address>
			<priority>1</priority>
			<m_priority>0</m_priority>
			<weight>100</weight>
			<m_weight>0</m_weight>
			<local>true</local>
			<reachable>true</reachable>
		</rloc>	
		<rloc>
			<address>132.227.62.243</address>
			<priority>3</priority>
			<m_priority>0</m_priority>
			<weight>100</weight>
			<m_weight>0</m_weight>
			<local>false</local>
			<reachable>true</reachable>
		</rloc>	
		<rloc>
			<address family="IPv6">2001:660:3302:282C:240::242</address>
			<priority>2</priority>
			<m_priority>0</m_priority>
			<weight>100</weight>
			<m_weight>0</m_weight>
			<local>true</local>
			<reachable>true</reachable>
		</rloc>
		<rloc>
			<address family="IPv6">2001:660:3302:282C:240::243</address>
			<priority>4</priority>
			<m_priority>0</m_priority>
			<weight>100</weight>
			<m_weight>0</m_weight>
			<local>false</local>
			<reachable>true</reachable>
		</rloc>
	</eid_prefix>

	<eid_prefix ms_ids="2;3" family="IPv6" prefix="2610:D0:2121::/48" ttl="60" version="0">
		<rloc>
			<address>132.227.62.242</address>
			<priority>3</priority>
			<m_priority>0</m_priority>
			<weight>100</weight>
			<m_weight>0</m_weight>
			<local>true</local>
			<reachable>true</reachable>
		</rloc>
		<rloc>
			<address>132.227.62.243</address>
			<priority>1</priority>
			<m_priority>0</m_priority>
			<weight>100</weight>
			<m_weight>0</m_weight>
			<local>false</local>
			<reachable>true</reachable>
		</rloc>
		<rloc>
			<address family="IPv6">2001:660:3302:282C:240::242</address>
			<priority>4</priority>
			<m_priority>0</m_priority>
			<weight>100</weight>
			<m_weight>0</m_weight>
			<local>true</local>
			<reachable>true</reachable>
		</rloc>
		<rloc>
			<address family="IPv6">2001:660:3302:282C:240::243</address>
			<priority>2</priority>
			<m_priority>0</m_priority>
			<weight>100</weight>
			<m_weight>0</m_weight>
			<local>false</local>
			<reachable>true</reachable>
		</rloc>
	</eid_prefix>
</db>
